temperature,humidity,pH,rainfall,soil_type,crop_type,yield
30.48,40.05,5.38,30.0,Clay,Millet,1575.6
27.31,36.27,4.65,58.6,Silty,Wheat,2177.8
31.24,68.19,4.93,6.8,Silty,Millet,1365.0
35.62,72.39,5.86,78.0,Sandy,Rice,2526.8
26.83,31.9,7.71,29.5,Sandy,Wheat,1932.0
26.83,86.17,6.79,43.2,Clay,Sorghum,1559.3
35.9,33.12,6.55,93.4,Silty,Millet,1705.8
31.84,62.48,5.67,117.4,Loamy,Wheat,2211.1
25.65,72.54,8.23,79.7,Sandy,Wheat,2370.5
30.71,82.26,6.09,17.6,Silty,Wheat,1889.2
25.68,72.85,4.85,77.0,Clay,Maize,2097.6
25.67,78.1,6.97,80.6,Loamy,Millet,2039.9
29.21,50.37,4.96,69.9,Clay,Wheat,2137.1
18.43,78.89,5.88,130.2,Sandy,Millet,1772.2
19.38,34.81,6.53,53.3,Silty,Wheat,2196.4
25.19,83.69,8.0,126.9,Silty,Sorghum,1879.7
22.94,62.86,6.47,126.4,Silty,Sorghum,1996.3
29.57,79.04,7.31,82.2,Silty,Sorghum,2066.0
23.46,57.14,8.47,62.4,Loamy,Rice,2609.0
20.94,68.61,5.03,70.2,Loamy,Wheat,2125.2
35.33,61.58,5.6,149.0,Clay,Rice,2153.3
26.87,73.9,6.08,104.0,Loamy,Millet,1897.9
28.34,34.9,6.19,19.7,Sandy,Rice,2329.4
20.88,33.62,6.14,67.0,Sandy,Millet,1924.9
25.28,44.83,8.13,23.8,Silty,Millet,1467.3
28.55,39.57,7.36,28.8,Sandy,Millet,1612.5
22.25,82.31,6.93,37.0,Clay,Rice,2451.5
29.88,43.15,5.74,12.9,Loamy,Wheat,1938.2
25.0,88.55,7.8,22.4,Loamy,Rice,2162.7
26.54,50.21,8.32,134.9,Loamy,Wheat,2150.0
24.99,40.93,7.78,28.6,Sandy,Wheat,1883.0
37.26,77.38,4.51,90.9,Loamy,Millet,1813.7
27.93,69.52,7.05,57.0,Silty,Rice,2581.7
22.71,59.89,4.7,74.6,Silty,Wheat,2198.0
32.11,63.32,5.53,76.9,Silty,Sorghum,1851.8
21.9,73.15,4.74,21.5,Sandy,Wheat,2009.9
29.04,43.71,6.92,90.6,Loamy,Sorghum,2196.0
18.2,89.78,7.25,15.8,Sandy,Rice,2345.1
21.36,88.49,4.96,27.6,Loamy,Rice,2208.3
28.98,69.02,6.04,76.1,Clay,Rice,2603.7
31.69,41.97,6.32,20.2,Clay,Wheat,1761.6
28.86,70.81,5.98,6.0,Sandy,Maize,1774.5
27.42,34.33,4.98,64.8,Silty,Wheat,2213.4
26.49,31.84,6.18,10.6,Sandy,Wheat,2042.8
20.61,45.46,7.5,81.2,Silty,Millet,1828.9
24.4,57.76,4.78,39.2,Loamy,Millet,1461.6
25.7,82.1,4.82,64.1,Silty,Wheat,2158.9
33.29,73.63,5.92,63.3,Silty,Sorghum,2002.2
29.72,74.56,8.27,85.4,Loamy,Millet,1762.1
19.18,55.53,7.17,77.7,Clay,Wheat,2508.3
29.62,50.76,7.21,20.1,Loamy,Maize,1843.1
26.07,52.26,5.95,41.1,Sandy,Sorghum,1472.4
24.62,89.26,6.87,64.1,Sandy,Rice,2587.1
31.06,32.41,4.54,128.4,Sandy,Wheat,2134.8
33.15,82.02,7.04,78.2,Sandy,Wheat,2080.6
32.66,64.72,8.15,121.1,Sandy,Sorghum,2059.9
23.8,56.32,6.95,66.5,Clay,Millet,1970.3
26.45,73.52,7.99,105.3,Clay,Millet,1853.3
29.66,59.2,7.4,60.3,Silty,Millet,1916.5
32.88,82.41,4.98,102.4,Sandy,Rice,2361.8
25.6,84.04,8.11,37.6,Loamy,Sorghum,1551.6
27.07,55.3,4.77,138.3,Sandy,Sorghum,1984.2
22.47,46.61,6.64,72.0,Clay,Millet,1794.9
22.02,65.54,5.07,13.0,Sandy,Millet,1246.8
32.06,84.74,4.55,65.6,Clay,Maize,1977.3
34.78,42.64,6.19,78.3,Silty,Maize,2085.8
27.64,67.38,5.68,92.7,Silty,Wheat,2213.6
33.02,67.89,6.44,170.3,Silty,Wheat,2172.9
29.81,73.99,6.81,32.9,Clay,Sorghum,1763.8
24.77,37.89,4.67,171.0,Sandy,Sorghum,1725.9
29.81,72.95,4.99,50.1,Sandy,Rice,2619.6
35.69,84.54,6.73,26.4,Loamy,Rice,1998.1
27.82,40.78,5.87,33.5,Clay,Maize,1750.5
35.82,44.25,7.42,75.1,Loamy,Wheat,2212.7
14.9,88.28,7.11,23.1,Silty,Maize,1676.0
32.11,40.86,7.88,38.1,Sandy,Maize,1549.7
28.44,81.26,7.27,64.5,Clay,Wheat,2225.4
26.5,59.54,6.22,137.6,Loamy,Rice,2533.8
28.46,44.83,7.19,90.9,Loamy,Wheat,2375.3
18.06,82.24,5.6,51.7,Loamy,Millet,1738.5
26.9,56.72,5.73,74.9,Sandy,Millet,1714.4
29.79,60.89,7.66,59.9,Sandy,Millet,1738.8
35.39,51.55,6.29,17.4,Sandy,Sorghum,1661.9
25.41,65.58,7.69,153.5,Clay,Rice,2301.3
23.96,39.81,7.79,139.0,Sandy,Rice,2482.1
25.49,53.46,7.93,47.2,Clay,Sorghum,1589.0
32.58,88.16,8.17,34.5,Loamy,Maize,1829.2
29.64,45.49,6.22,17.8,Loamy,Millet,1525.1
25.35,69.4,5.78,78.2,Silty,Millet,1931.6
30.57,49.51,6.83,78.6,Sandy,Maize,2121.0
28.49,76.41,5.98,24.9,Loamy,Wheat,1884.0
32.84,37.85,6.9,60.5,Sandy,Wheat,2550.1
24.49,88.19,7.32,89.0,Clay,Rice,2494.4
26.36,57.23,7.25,32.5,Loamy,Sorghum,1664.6
26.04,44.16,6.0,42.8,Sandy,Rice,2176.8
20.68,34.41,5.17,42.4,Loamy,Wheat,1995.2
29.48,40.19,6.22,26.3,Loamy,Maize,1968.9
29.31,61.19,5.07,43.5,Sandy,Rice,2367.0
28.03,50.22,8.06,10.8,Loamy,Millet,1622.4
26.83,79.73,5.88,40.7,Loamy,Millet,1480.2
20.92,55.85,5.12,41.2,Loamy,Maize,1663.5
25.9,44.92,4.6,47.6,Loamy,Wheat,1732.9
26.29,67.03,7.08,71.0,Clay,Millet,2103.6
23.99,72.41,7.05,16.4,Loamy,Millet,1646.9
27.19,40.02,5.86,19.5,Silty,Sorghum,1550.8
30.02,40.06,4.79,25.7,Loamy,Rice,2332.8
37.43,32.2,6.14,14.7,Sandy,Wheat,1752.7
28.87,74.18,5.74,76.8,Silty,Rice,2540.7
29.29,69.83,7.21,31.4,Clay,Wheat,1982.7
27.63,58.48,6.92,48.8,Silty,Millet,1663.9
18.41,80.65,5.96,23.8,Silty,Sorghum,1593.6
27.87,78.34,5.37,37.3,Silty,Rice,2054.9
28.3,65.12,8.45,62.6,Sandy,Millet,1807.6
40.32,82.1,6.32,64.8,Sandy,Wheat,2254.9
27.04,42.35,7.25,20.3,Sandy,Rice,2297.1
29.51,36.72,5.06,46.9,Clay,Rice,2277.5
27.83,46.18,6.44,24.2,Sandy,Millet,1495.4
22.16,33.43,4.61,45.6,Sandy,Rice,2197.4
33.71,61.87,6.52,29.2,Silty,Sorghum,1637.5
31.76,86.2,8.36,159.9,Sandy,Sorghum,1774.7
31.96,32.36,6.04,88.6,Loamy,Millet,1903.1
23.45,37.33,4.66,66.9,Sandy,Wheat,2269.0
35.01,57.13,4.62,40.0,Clay,Millet,1458.8
20.99,86.03,6.05,90.4,Clay,Sorghum,2069.2
30.93,48.97,5.14,48.0,Loamy,Maize,1727.3
38.95,60.43,4.59,149.3,Clay,Maize,1750.2
23.05,32.49,7.52,96.6,Clay,Rice,2499.7
25.17,38.9,6.33,37.1,Silty,Rice,2246.7
28.5,89.2,5.66,138.2,Loamy,Maize,1965.6
25.48,87.91,8.1,40.1,Silty,Sorghum,1562.5
20.25,30.3,4.96,165.9,Silty,Rice,2202.0
28.34,87.11,8.32,143.1,Sandy,Millet,1604.3
22.69,68.35,5.76,62.3,Loamy,Millet,1733.2
30.37,82.08,8.05,11.3,Sandy,Sorghum,1619.3
23.4,57.28,6.91,58.9,Sandy,Rice,2465.2
35.75,60.94,7.81,18.4,Silty,Millet,1351.6
24.08,59.33,8.44,30.0,Clay,Rice,2390.0
26.39,70.01,5.65,31.9,Loamy,Rice,2302.3
32.07,38.38,8.34,18.3,Clay,Millet,1664.4
21.85,31.8,6.06,59.0,Silty,Maize,2139.1
29.14,48.48,6.04,27.0,Silty,Millet,1716.8
34.54,72.28,5.86,41.6,Silty,Sorghum,1527.6
19.96,42.11,6.67,32.1,Silty,Wheat,1935.6
28.92,70.41,5.12,71.2,Silty,Millet,1526.1
29.3,88.19,6.71,67.6,Silty,Rice,2718.6
31.91,35.63,6.67,39.0,Clay,Rice,2454.0
21.82,70.36,7.55,73.7,Sandy,Millet,1744.7
21.4,56.63,7.83,114.3,Clay,Wheat,2174.6
30.61,82.09,6.26,4.9,Loamy,Millet,1524.6
29.48,40.63,5.71,30.6,Clay,Wheat,1938.3
29.25,71.56,5.54,21.8,Silty,Wheat,2012.5
29.73,80.29,5.28,28.3,Clay,Sorghum,1425.7
24.6,86.68,4.73,3.8,Sandy,Rice,2240.9
29.16,70.99,5.87,4.6,Loamy,Rice,2172.3
29.47,59.83,5.58,33.0,Clay,Wheat,1911.3
24.43,67.07,8.37,32.3,Sandy,Rice,2245.9
37.33,82.13,6.73,125.3,Clay,Maize,1931.2
30.37,64.24,5.89,55.7,Loamy,Wheat,2189.6
22.04,31.82,6.82,72.4,Clay,Rice,2578.6
31.28,85.86,5.06,408.3,Silty,Maize,1897.0
23.13,71.37,6.28,151.0,Clay,Sorghum,1841.9
31.94,70.59,7.0,48.3,Sandy,Rice,2322.1
33.79,42.94,6.46,35.3,Clay,Maize,1672.9
23.9,69.53,6.11,31.0,Sandy,Millet,1562.1
32.82,53.63,8.48,63.9,Loamy,Millet,1889.9
30.06,69.07,8.02,35.6,Clay,Maize,1703.8
32.11,36.4,6.99,17.8,Loamy,Wheat,2066.0
37.48,69.47,6.78,32.0,Loamy,Wheat,2026.7
26.77,89.96,6.98,65.2,Clay,Rice,2703.9
24.23,32.89,5.31,81.5,Sandy,Millet,1809.3
23.55,88.63,6.08,161.2,Loamy,Wheat,2048.9
23.92,54.41,4.66,53.9,Loamy,Wheat,1944.6
27.61,82.25,6.4,118.9,Clay,Millet,1883.2
29.71,76.94,6.67,42.8,Clay,Sorghum,1667.4
29.38,64.02,5.41,47.6,Clay,Wheat,1939.0
32.14,74.31,8.36,45.6,Clay,Maize,1684.6
28.07,82.71,8.14,58.8,Clay,Rice,2468.0
35.27,54.25,7.39,91.8,Silty,Wheat,1972.1
26.68,49.62,6.63,34.4,Clay,Wheat,1906.0
41.6,70.06,7.98,22.9,Sandy,Sorghum,1497.7
31.13,78.47,5.02,96.9,Loamy,Maize,2171.6
23.71,75.74,7.66,92.2,Sandy,Rice,2490.2
22.65,77.87,5.0,131.5,Sandy,Wheat,2232.8
30.41,56.13,7.68,30.1,Silty,Rice,2295.2
26.88,79.07,5.6,41.6,Clay,Millet,1418.9
31.57,37.21,8.01,99.4,Loamy,Wheat,2236.7
30.37,62.67,8.28,34.0,Sandy,Wheat,1826.0
27.64,30.35,5.1,79.1,Clay,Millet,1886.5
23.77,49.48,6.35,43.0,Clay,Sorghum,1715.1
20.43,51.99,8.42,63.6,Silty,Wheat,2229.8
25.77,53.77,6.43,17.4,Silty,Rice,2221.7
32.28,71.73,7.95,53.4,Silty,Maize,2070.7
29.07,53.31,6.85,112.8,Loamy,Rice,2808.5
21.77,56.92,6.0,86.6,Sandy,Sorghum,1899.2
28.87,44.25,5.64,21.5,Silty,Maize,1666.0
29.93,52.4,5.31,152.8,Silty,Rice,2323.2
23.58,43.64,7.55,108.1,Silty,Rice,2578.6
28.77,34.39,6.05,18.2,Sandy,Millet,1544.0
28.29,66.21,6.55,32.2,Sandy,Sorghum,1416.7
22.29,70.09,6.47,19.2,Silty,Millet,1735.9
29.79,67.17,6.81,64.9,Silty,Maize,2176.1
30.8,57.81,7.96,31.0,Clay,Millet,1325.7
33.42,52.79,8.42,6.5,Silty,Sorghum,1539.2
33.27,81.8,6.13,47.4,Loamy,Wheat,2156.8
21.11,61.14,7.81,94.3,Loamy,Wheat,2344.8
23.31,58.75,7.56,54.2,Silty,Maize,2093.9
30.58,31.54,6.79,74.1,Sandy,Wheat,2282.4
30.57,50.47,8.32,58.1,Clay,Millet,1808.3
30.58,52.81,5.3,84.1,Sandy,Maize,1986.9
47.26,53.93,4.94,62.0,Silty,Sorghum,1862.8
30.85,64.81,7.92,45.4,Loamy,Maize,1612.4
33.68,62.02,6.26,53.7,Clay,Maize,2019.4
32.77,66.47,7.89,134.7,Sandy,Rice,2601.0
31.26,75.89,8.07,77.1,Sandy,Rice,2495.6
26.42,78.78,4.75,21.5,Silty,Maize,1837.8
31.79,73.09,8.03,53.1,Clay,Wheat,2132.8
24.14,87.33,6.29,64.1,Loamy,Rice,2594.5
26.82,31.09,6.54,44.2,Silty,Sorghum,1607.8
25.57,41.75,7.01,6.5,Clay,Millet,1600.7
28.41,30.45,8.21,23.5,Sandy,Rice,2052.1
39.57,68.85,4.58,35.6,Silty,Maize,1501.2
18.66,83.88,6.41,164.5,Sandy,Wheat,1956.4
31.43,44.61,7.25,71.3,Sandy,Millet,1969.4
19.94,85.62,7.39,10.8,Silty,Rice,2371.7
25.64,33.62,7.27,46.5,Silty,Wheat,1827.0
33.44,86.07,5.04,120.9,Silty,Wheat,2333.4
28.32,51.1,5.7,30.6,Silty,Wheat,2149.7
22.61,36.09,5.93,102.0,Silty,Maize,2004.6
24.42,59.15,7.72,11.2,Sandy,Sorghum,1535.9
31.4,45.41,5.62,1.0,Loamy,Wheat,2182.4
24.35,47.09,5.34,112.4,Loamy,Millet,1668.1
29.08,48.44,8.33,34.1,Silty,Rice,2202.0
28.23,78.18,4.54,36.4,Sandy,Millet,1518.0
24.74,62.35,8.49,57.7,Loamy,Maize,2134.5
38.72,48.68,7.21,69.5,Loamy,Maize,1986.0
31.17,66.62,7.81,2.3,Loamy,Millet,1450.1
17.87,72.97,5.68,28.6,Sandy,Sorghum,1504.9
28.93,46.36,4.56,52.3,Silty,Maize,1965.8
24.69,54.81,7.45,69.4,Silty,Maize,1999.3
32.26,37.31,7.84,21.2,Silty,Millet,1504.8
24.04,40.87,7.46,42.4,Clay,Maize,1743.6
27.43,70.87,5.07,30.6,Clay,Sorghum,1450.6
30.52,40.89,7.51,59.2,Clay,Sorghum,2025.5
32.33,61.51,7.58,109.7,Sandy,Sorghum,1850.2
22.0,72.54,7.13,38.1,Loamy,Rice,2173.2
26.33,36.41,7.56,13.5,Loamy,Sorghum,1583.2
25.63,64.04,7.88,27.2,Sandy,Sorghum,1606.8
24.73,45.39,6.95,151.8,Sandy,Rice,2225.4
36.83,87.78,4.85,23.6,Silty,Wheat,1783.2
30.02,59.01,6.45,16.4,Silty,Maize,1695.3
21.7,78.36,4.81,36.2,Clay,Sorghum,1771.1
32.59,63.01,6.13,46.5,Clay,Maize,1852.4
38.61,32.6,6.13,32.2,Sandy,Millet,1410.0
33.16,67.99,4.76,11.3,Clay,Maize,1625.5
20.4,87.08,5.9,63.5,Loamy,Rice,2489.5
25.58,66.1,4.94,59.2,Sandy,Maize,2061.3
34.33,79.15,7.73,81.9,Sandy,Maize,1997.5
24.46,83.05,8.29,58.3,Loamy,Maize,1978.3
30.22,43.68,4.79,143.6,Silty,Wheat,2205.8
31.87,42.72,8.32,86.4,Silty,Wheat,2139.6
23.37,66.66,6.59,74.6,Loamy,Millet,1865.7
27.7,54.66,5.7,112.4,Loamy,Rice,2291.4
11.79,80.39,4.81,55.6,Clay,Maize,2097.4
22.88,84.0,6.5,43.1,Sandy,Maize,1829.9
26.74,51.21,7.68,63.0,Clay,Maize,1922.7
21.76,44.21,7.33,6.1,Loamy,Maize,1989.9
36.16,76.83,4.7,55.8,Clay,Wheat,2058.7
20.85,46.49,4.79,46.4,Loamy,Millet,1396.4
25.8,79.36,6.11,68.1,Clay,Sorghum,2085.7
28.65,55.42,5.68,102.2,Clay,Rice,2539.8
35.21,70.05,5.43,76.2,Silty,Maize,1889.5
20.82,35.73,5.62,27.3,Loamy,Millet,1457.4
33.82,67.43,7.71,91.0,Clay,Sorghum,1945.0
28.05,57.11,8.22,145.0,Sandy,Millet,1773.8
23.09,65.2,6.12,104.0,Clay,Wheat,2355.6
30.31,40.08,8.12,14.8,Clay,Sorghum,1409.5
29.0,74.21,5.79,75.6,Sandy,Millet,1756.6
25.0,81.77,6.41,17.2,Loamy,Wheat,2172.2
28.35,43.0,5.4,39.8,Silty,Millet,1423.3
26.07,35.74,7.06,66.6,Silty,Millet,1839.6
28.57,31.42,8.42,60.4,Silty,Sorghum,1855.2
31.31,68.52,6.91,102.6,Sandy,Wheat,2178.5
35.93,66.43,5.93,145.4,Clay,Maize,1629.2
21.81,62.8,7.09,71.5,Loamy,Rice,2576.9
38.67,43.92,4.99,37.4,Clay,Sorghum,1463.6
18.24,53.45,8.05,6.5,Silty,Wheat,1894.7
27.24,65.67,6.51,120.4,Clay,Millet,1885.5
30.94,59.81,6.3,46.6,Sandy,Wheat,2004.3
29.4,89.27,6.84,48.6,Sandy,Rice,2402.3
24.89,38.19,7.0,51.6,Loamy,Rice,2581.0
26.96,71.71,4.79,69.2,Loamy,Maize,1942.6
25.53,54.26,7.23,70.7,Silty,Maize,2071.9
25.05,55.69,5.47,40.3,Loamy,Rice,2257.9
32.25,73.06,7.36,46.3,Clay,Sorghum,1841.2
29.79,71.55,7.79,30.1,Sandy,Sorghum,1537.2
24.54,89.48,7.72,27.3,Sandy,Millet,1509.9
32.5,37.7,6.71,27.2,Sandy,Maize,1833.8
29.54,36.25,6.58,45.8,Loamy,Millet,1500.7
32.06,73.46,5.07,22.7,Sandy,Maize,1702.0
31.15,64.7,7.6,0.8,Sandy,Rice,2053.4
23.86,46.45,5.59,36.8,Sandy,Sorghum,1423.1
25.2,34.77,6.49,15.8,Silty,Sorghum,1736.7
31.74,35.14,5.64,54.4,Silty,Rice,2461.6
31.05,83.65,5.04,30.0,Loamy,Millet,1520.2
27.9,41.51,7.02,69.8,Sandy,Millet,1898.2
28.59,49.4,4.72,17.3,Loamy,Wheat,1802.4
34.39,43.6,7.49,8.2,Sandy,Maize,1795.5
25.04,51.3,5.77,46.4,Sandy,Millet,1376.7
30.74,34.17,4.5,35.6,Sandy,Rice,2339.1
26.99,61.14,6.54,14.4,Loamy,Millet,1464.4
26.91,34.06,4.69,86.5,Loamy,Sorghum,1880.4
33.49,78.02,5.6,20.4,Sandy,Maize,1595.8
32.13,44.02,7.33,26.2,Clay,Wheat,2057.0
32.07,62.4,4.75,98.1,Loamy,Maize,1966.9
34.53,82.8,7.86,72.7,Silty,Sorghum,1848.1
28.11,69.05,4.52,18.3,Loamy,Sorghum,1685.3
31.41,61.98,5.49,38.3,Sandy,Sorghum,1602.9
26.45,49.46,7.46,16.5,Clay,Sorghum,1751.7
29.62,49.98,5.77,93.2,Sandy,Rice,2401.9
27.35,70.17,4.91,93.2,Silty,Wheat,2059.5
28.48,89.65,5.94,159.6,Loamy,Sorghum,1710.7
30.98,69.71,5.58,200.7,Loamy,Sorghum,1668.1
23.91,63.47,7.87,29.7,Sandy,Millet,1562.6
38.46,73.84,5.75,83.0,Sandy,Wheat,2042.0
22.97,57.91,7.66,6.8,Silty,Maize,1720.5
21.93,33.61,8.07,57.5,Clay,Wheat,2037.7
33.79,63.74,6.24,68.4,Silty,Wheat,2488.8
31.96,87.46,8.14,21.4,Clay,Wheat,1883.6
31.12,40.52,6.01,28.1,Loamy,Sorghum,1769.8
31.14,71.4,8.36,93.6,Clay,Sorghum,1816.4
27.94,42.06,4.86,69.6,Clay,Rice,2530.8
23.51,62.15,7.25,146.4,Loamy,Maize,1969.7
28.38,35.8,6.48,135.2,Loamy,Millet,1945.2
24.61,57.02,6.05,9.4,Loamy,Wheat,1964.4
32.88,75.37,7.03,32.3,Silty,Maize,1802.9
27.26,50.85,7.32,19.4,Loamy,Maize,1869.8
23.87,69.89,4.52,85.4,Sandy,Rice,2376.7
26.39,77.73,5.17,61.8,Loamy,Millet,1731.6
30.06,85.63,7.35,20.7,Loamy,Wheat,2045.7
25.18,44.08,7.17,23.9,Loamy,Millet,1809.8
23.89,53.96,8.36,115.7,Clay,Rice,2486.2
29.22,39.14,7.54,35.5,Silty,Sorghum,1659.1
29.22,89.55,8.3,5.4,Loamy,Maize,1689.3
25.47,85.62,7.31,18.9,Silty,Wheat,2194.2
25.64,62.4,5.69,166.6,Sandy,Sorghum,1525.3
29.16,80.52,4.92,100.0,Sandy,Rice,2509.5
20.76,61.26,7.63,15.4,Loamy,Millet,1337.4
20.96,67.42,7.08,57.5,Sandy,Maize,1849.3
24.41,35.35,4.69,95.8,Silty,Wheat,2229.7
26.93,75.32,5.94,9.2,Clay,Sorghum,1613.9
29.55,37.66,8.33,103.2,Loamy,Sorghum,1871.5
35.38,79.56,6.5,69.1,Sandy,Maize,1939.4
32.29,76.92,6.23,26.6,Silty,Millet,1909.8
27.2,72.52,6.33,77.2,Silty,Rice,2574.2
27.9,32.17,5.34,62.5,Sandy,Millet,1851.0
22.99,48.19,5.97,65.6,Silty,Millet,1735.1
27.91,45.79,5.98,56.0,Silty,Millet,1829.5
26.56,51.61,4.71,23.1,Loamy,Maize,1676.2
29.61,35.26,7.57,27.2,Silty,Maize,1658.9
23.86,86.22,6.17,41.3,Sandy,Rice,2481.9
30.6,63.23,7.79,51.8,Loamy,Millet,1917.7
35.66,48.33,7.9,80.5,Sandy,Maize,1863.7
27.46,53.82,5.35,169.2,Clay,Rice,2069.6
30.01,56.83,7.13,59.5,Sandy,Rice,2563.9
31.45,66.04,6.39,79.5,Sandy,Millet,2170.3
25.99,60.94,8.02,92.5,Loamy,Wheat,2176.9
29.12,85.16,5.36,83.5,Silty,Millet,1910.3
28.06,59.82,7.21,22.2,Sandy,Wheat,2144.2
28.49,89.53,6.93,123.0,Loamy,Rice,2621.9
24.13,81.09,5.68,110.4,Clay,Maize,1915.8
28.12,42.51,5.05,55.4,Loamy,Sorghum,1656.5
30.49,85.84,7.11,23.5,Loamy,Rice,2368.4
35.26,36.98,7.45,51.2,Silty,Maize,1868.5
32.8,79.05,5.76,10.6,Sandy,Rice,2217.6
38.77,52.84,7.08,133.8,Clay,Millet,1625.0
24.16,82.68,6.08,29.4,Loamy,Wheat,1973.5
32.36,82.08,7.35,39.7,Sandy,Rice,2303.4
28.92,78.36,5.3,127.5,Sandy,Maize,2026.9
38.95,77.4,8.06,117.6,Loamy,Millet,1538.5
23.96,48.28,5.65,64.3,Sandy,Sorghum,2019.7
23.8,34.86,5.97,147.1,Loamy,Millet,1740.3
25.0,54.18,4.73,21.6,Loamy,Wheat,1732.6
17.38,40.41,4.95,64.3,Loamy,Millet,1789.1
25.37,71.7,6.56,21.8,Clay,Sorghum,1703.4
24.2,50.77,5.57,105.9,Loamy,Maize,2016.1
28.75,88.54,7.84,103.4,Silty,Rice,2636.2
29.71,68.46,4.56,153.9,Sandy,Wheat,1976.4
37.38,79.35,6.02,50.0,Clay,Sorghum,1838.0
32.75,37.95,5.85,182.1,Sandy,Wheat,1889.7
25.12,81.72,4.58,20.1,Clay,Millet,1582.1
23.51,85.37,5.0,47.9,Silty,Wheat,1918.4
30.46,59.22,6.15,20.8,Clay,Sorghum,1658.0
21.4,66.38,6.47,58.0,Clay,Rice,2409.5
37.16,75.89,6.12,22.5,Clay,Rice,2294.4
33.9,40.49,6.62,106.1,Sandy,Wheat,2177.2
25.65,60.15,6.88,70.8,Loamy,Maize,2040.9
19.43,53.92,4.54,18.5,Sandy,Wheat,1935.8
34.77,38.78,6.36,89.8,Loamy,Millet,1780.3
27.43,52.05,8.35,140.3,Sandy,Rice,2350.6
34.19,34.09,6.58,75.7,Silty,Rice,2387.6
20.03,31.55,7.21,13.6,Silty,Rice,2372.1
25.0,38.11,5.75,44.4,Clay,Maize,1645.5
28.03,87.79,7.6,82.6,Silty,Maize,2292.7
28.23,62.97,7.59,41.2,Clay,Sorghum,1500.6
25.75,87.95,6.59,19.9,Loamy,Wheat,1907.9
31.11,55.95,8.4,114.4,Silty,Wheat,2143.5
22.66,48.71,5.0,39.8,Loamy,Millet,1524.3
27.29,60.37,4.57,140.4,Sandy,Rice,2453.0
28.6,56.37,7.58,32.5,Loamy,Maize,1761.2
30.57,36.34,7.73,37.9,Sandy,Millet,1402.1
31.56,68.45,4.98,30.3,Loamy,Millet,1361.8
22.38,42.96,5.56,43.9,Loamy,Maize,1520.2
20.33,67.18,4.57,69.9,Silty,Wheat,1977.6
34.39,69.01,5.67,20.8,Loamy,Rice,2148.2
29.66,39.12,7.59,17.3,Silty,Wheat,1869.9
24.26,33.68,6.57,9.0,Silty,Millet,1536.9
35.76,76.85,5.89,7.7,Clay,Rice,2174.3
28.58,57.59,5.99,13.7,Clay,Sorghum,1722.8
33.9,33.49,4.51,32.3,Sandy,Millet,1466.5
28.34,89.69,5.7,57.2,Loamy,Wheat,2020.6
38.3,33.47,7.09,67.2,Sandy,Wheat,2093.3
36.78,71.7,8.4,55.2,Loamy,Wheat,1990.0
26.76,89.02,7.89,129.9,Clay,Maize,1934.3
32.86,44.35,4.59,157.7,Clay,Millet,1530.2
31.23,38.53,8.09,39.9,Loamy,Rice,2134.7
34.84,37.28,7.63,21.2,Loamy,Wheat,1861.3
23.18,48.2,7.62,189.5,Clay,Wheat,1936.4
31.43,36.06,6.33,111.7,Clay,Maize,2120.8
33.29,71.53,6.09,106.2,Sandy,Rice,2636.0
19.21,33.74,5.71,31.2,Clay,Millet,1408.9
22.08,60.57,4.76,91.3,Loamy,Sorghum,2027.1
17.8,89.8,5.41,55.6,Sandy,Maize,1902.0
26.65,78.84,5.49,47.2,Loamy,Millet,1338.2
31.59,66.91,6.44,47.1,Silty,Sorghum,1738.1
35.51,48.38,7.49,72.2,Sandy,Wheat,2068.3
28.37,67.43,6.4,132.7,Loamy,Wheat,2332.1
36.14,61.62,4.73,199.7,Clay,Rice,1909.6
21.1,55.57,8.33,35.9,Silty,Sorghum,1739.2
19.48,37.84,8.27,58.0,Loamy,Wheat,2267.2
27.72,83.2,7.64,46.3,Sandy,Wheat,1750.0
29.92,56.99,8.47,68.9,Loamy,Rice,2352.1
27.84,41.68,6.68,41.9,Silty,Millet,1767.2
17.66,52.07,8.35,28.2,Sandy,Wheat,1826.3
27.55,54.85,4.8,36.0,Silty,Maize,1616.6
21.48,79.65,5.96,31.6,Loamy,Maize,1473.4
31.35,74.02,5.4,44.5,Clay,Millet,1464.9
29.83,76.16,5.28,14.8,Clay,Sorghum,1577.2
23.3,30.66,5.06,32.1,Loamy,Rice,2271.5
25.43,54.97,6.99,68.4,Loamy,Maize,1960.1
22.7,58.88,7.63,68.0,Loamy,Maize,1848.0
27.69,31.15,6.81,60.4,Sandy,Millet,1945.1
32.78,45.59,5.09,125.1,Silty,Sorghum,2000.7
23.07,75.62,7.74,70.3,Silty,Sorghum,1742.9
30.52,38.23,7.04,122.4,Silty,Millet,2008.2
25.35,62.12,6.05,199.8,Loamy,Maize,1903.8
24.04,42.91,7.2,92.9,Silty,Rice,2709.2
27.46,30.73,5.54,14.9,Loamy,Maize,1693.0
22.82,44.47,5.88,62.2,Sandy,Sorghum,1647.8
25.23,88.55,8.17,55.7,Clay,Maize,1984.8
22.01,78.09,5.66,140.2,Loamy,Rice,2606.0
37.82,87.57,6.38,45.8,Loamy,Wheat,1760.6
28.18,59.27,8.06,24.9,Clay,Maize,1661.2
24.5,36.58,7.33,33.7,Clay,Millet,1582.4
29.07,62.88,4.75,15.4,Sandy,Wheat,1610.0
27.44,57.26,5.09,179.1,Silty,Millet,1767.1
26.9,80.66,4.53,50.7,Loamy,Millet,1709.9
31.07,35.88,7.02,17.0,Silty,Millet,1650.6
31.79,59.29,6.29,148.6,Loamy,Maize,2091.3
25.35,39.0,5.04,165.4,Sandy,Sorghum,1825.8
25.12,49.48,8.33,57.1,Clay,Wheat,2240.6
26.62,74.24,6.62,14.0,Sandy,Rice,2276.5
16.49,58.56,5.47,34.4,Clay,Sorghum,1510.6
20.42,52.55,6.5,42.0,Silty,Maize,1879.8
34.83,53.67,7.22,52.1,Silty,Millet,1712.7
36.22,57.57,4.8,19.1,Sandy,Rice,2114.6
26.75,77.1,5.6,98.2,Clay,Wheat,2090.1
30.88,83.53,7.73,4.8,Sandy,Sorghum,1725.2
29.56,87.32,6.34,109.3,Clay,Sorghum,2016.1
43.39,77.21,6.69,125.2,Clay,Rice,2514.4
33.6,48.92,6.23,37.3,Silty,Maize,1808.2
27.36,71.29,4.68,47.6,Silty,Wheat,1724.8
23.22,56.26,5.16,135.8,Clay,Rice,2413.9
19.97,45.28,6.28,80.4,Clay,Millet,1967.2
29.02,80.45,5.34,38.4,Clay,Wheat,1916.7
24.22,32.31,4.7,42.2,Silty,Sorghum,1718.1
20.89,84.11,7.87,72.5,Silty,Rice,2540.3
24.77,57.69,8.42,168.6,Loamy,Sorghum,1603.3
22.59,68.23,7.67,43.2,Clay,Sorghum,1520.4
36.44,69.56,7.92,37.4,Loamy,Sorghum,1460.3
32.41,83.71,5.47,51.8,Clay,Maize,1768.6
27.96,68.2,8.34,52.0,Silty,Sorghum,2067.3
35.4,66.84,5.29,63.6,Loamy,Millet,1694.2
28.39,34.0,8.31,47.7,Loamy,Millet,1622.7
23.69,61.1,8.48,113.8,Sandy,Wheat,2041.9
35.62,39.01,7.35,23.1,Clay,Sorghum,1674.5
30.69,74.25,8.42,68.8,Silty,Sorghum,2123.1
22.81,60.73,6.78,70.8,Sandy,Rice,2467.9
27.05,70.81,5.54,25.1,Sandy,Maize,1777.1
23.62,32.5,6.25,68.3,Clay,Wheat,2300.1
21.09,35.09,6.87,72.1,Sandy,Sorghum,1845.6
32.63,72.98,4.79,2.3,Clay,Rice,2249.3
37.55,34.33,6.99,21.2,Sandy,Maize,1733.4
21.01,34.28,8.42,143.4,Clay,Wheat,2139.9
30.81,30.73,5.26,30.7,Silty,Wheat,2016.6
24.75,87.39,7.67,16.9,Clay,Sorghum,1433.3
25.56,74.25,8.13,7.3,Clay,Wheat,1750.5
25.04,51.2,8.27,19.3,Loamy,Rice,2213.7
23.68,47.79,8.34,46.1,Silty,Wheat,1902.5
28.24,50.98,6.59,15.7,Silty,Millet,1528.3
23.85,76.48,8.41,81.2,Silty,Rice,2581.0
29.35,69.68,7.53,24.7,Sandy,Maize,1753.1
27.75,41.11,5.15,63.9,Loamy,Maize,2085.8
26.81,40.45,6.41,129.9,Silty,Sorghum,1987.7
23.46,35.9,7.37,124.5,Sandy,Sorghum,2060.3
25.12,69.62,5.49,63.1,Sandy,Millet,1755.4
31.78,75.86,7.06,18.1,Sandy,Maize,2005.4
30.5,45.9,7.17,48.6,Loamy,Maize,1718.7
23.11,31.26,5.15,64.7,Sandy,Maize,2210.5
28.5,34.93,6.76,224.0,Loamy,Maize,1903.5
31.76,88.07,7.59,7.2,Clay,Wheat,1762.4
19.65,47.73,6.5,48.8,Sandy,Rice,2436.8
30.72,76.15,4.55,79.1,Silty,Rice,2512.6
24.69,67.48,4.54,54.9,Sandy,Millet,1885.1
30.85,52.92,5.93,59.6,Clay,Wheat,2322.4
24.18,42.34,8.2,26.0,Clay,Maize,1733.8
18.98,37.28,5.41,97.1,Sandy,Maize,1940.8
19.86,66.9,7.04,52.0,Clay,Sorghum,2097.6
28.24,76.48,5.39,59.4,Loamy,Sorghum,1900.1
29.3,68.63,5.79,104.2,Loamy,Millet,1868.6
23.48,61.82,7.89,39.3,Sandy,Maize,1484.6
31.19,32.52,7.42,120.0,Loamy,Millet,1944.7
19.69,88.11,4.88,15.2,Loamy,Wheat,1836.1
27.67,77.92,6.21,62.0,Silty,Rice,2765.3
21.94,47.57,4.62,24.6,Sandy,Maize,1762.3
24.74,88.8,6.42,19.0,Clay,Wheat,2024.0
28.24,66.11,7.15,167.3,Sandy,Maize,1948.6
23.7,64.95,4.97,16.0,Loamy,Sorghum,1500.2
26.08,74.88,5.66,52.8,Silty,Millet,1962.3
33.03,78.71,6.09,14.8,Sandy,Sorghum,1899.1
25.12,69.39,8.18,115.0,Sandy,Rice,2539.3
32.18,37.69,8.47,36.2,Loamy,Sorghum,1759.0
22.35,50.3,4.68,103.8,Loamy,Maize,1943.1
30.65,85.69,7.54,77.2,Sandy,Sorghum,1820.3
35.21,43.48,5.99,202.8,Loamy,Maize,1654.1
15.64,52.33,6.07,11.8,Loamy,Rice,2343.5
24.02,55.92,7.52,21.0,Loamy,Sorghum,1560.6
30.89,56.36,8.17,100.0,Loamy,Millet,1853.8
26.98,66.78,8.3,64.2,Loamy,Millet,1830.6
29.86,86.58,6.81,41.7,Silty,Millet,1500.2
24.98,44.44,5.93,178.8,Loamy,Sorghum,1751.9
28.43,37.29,7.65,50.0,Clay,Sorghum,1986.4
27.22,41.85,5.5,25.5,Sandy,Sorghum,1617.1
33.84,83.22,6.76,104.7,Silty,Maize,2215.3
29.27,68.75,5.93,51.3,Silty,Rice,2378.3
29.69,47.15,7.13,54.4,Loamy,Millet,1946.8
25.94,78.96,5.46,81.9,Sandy,Maize,1883.0
25.56,81.68,5.27,84.2,Clay,Millet,1688.6
25.84,80.79,8.17,20.7,Loamy,Maize,1636.9
29.97,85.14,4.91,39.8,Sandy,Sorghum,1505.8
25.9,45.13,6.52,13.4,Loamy,Millet,1545.2
29.45,75.3,5.38,64.9,Loamy,Sorghum,1878.6
38.38,57.63,4.66,165.4,Loamy,Millet,1533.7
32.36,80.52,4.64,21.5,Loamy,Wheat,1867.9
26.37,73.71,5.2,10.9,Loamy,Maize,1541.4
34.01,76.59,7.97,29.3,Loamy,Wheat,2014.0
25.96,69.37,5.63,41.4,Loamy,Maize,1616.3
17.81,40.65,8.3,84.7,Clay,Rice,2494.1
22.96,62.7,6.83,38.0,Silty,Millet,1644.7
18.65,89.08,6.25,65.7,Clay,Rice,2620.0
26.24,86.24,6.82,33.1,Loamy,Rice,2409.4
28.09,32.59,6.57,43.3,Loamy,Maize,1847.9
36.38,39.89,7.54,24.7,Clay,Wheat,1663.9
29.63,37.9,5.63,18.1,Clay,Sorghum,1817.9
26.9,73.56,5.91,86.9,Silty,Maize,2019.4
32.15,79.07,8.08,35.1,Clay,Sorghum,1585.3
16.94,42.81,8.29,69.3,Silty,Rice,2596.4
29.18,60.35,8.07,24.4,Loamy,Sorghum,1624.9
31.85,80.44,6.18,50.3,Sandy,Wheat,2339.9
20.61,73.97,7.62,4.9,Sandy,Maize,1949.2
33.72,62.53,6.41,37.3,Sandy,Wheat,1972.5
29.69,65.42,6.49,26.8,Sandy,Wheat,1968.2
25.92,60.5,5.32,111.9,Loamy,Maize,2011.7
31.16,47.85,6.86,15.4,Sandy,Wheat,2107.2
39.35,63.9,5.24,44.7,Clay,Millet,1199.3
28.91,71.33,5.83,64.3,Clay,Millet,1603.4
29.24,82.4,7.92,101.4,Sandy,Millet,1741.3
25.7,68.18,5.33,92.0,Clay,Sorghum,1736.6
23.75,75.67,4.78,47.5,Silty,Wheat,1857.5
32.15,39.6,4.78,52.9,Loamy,Maize,2050.2
23.72,57.69,8.26,111.8,Sandy,Maize,1910.9
28.36,30.56,6.53,46.8,Sandy,Sorghum,1557.3
25.61,44.8,6.14,57.2,Loamy,Maize,2106.9
30.39,73.59,7.74,114.3,Clay,Millet,1886.3
29.67,89.51,7.84,221.2,Loamy,Wheat,1830.5
33.19,35.95,5.83,61.0,Loamy,Maize,2082.0
25.45,54.09,7.27,73.6,Clay,Maize,2181.7
26.65,78.0,7.58,90.1,Loamy,Rice,2595.4
23.11,42.24,7.12,113.6,Clay,Rice,2721.8
25.78,63.31,5.11,103.1,Clay,Rice,2720.2
29.89,73.98,8.0,31.0,Loamy,Wheat,1864.4
31.78,66.96,6.66,64.0,Silty,Millet,1911.0
23.39,41.28,5.63,103.6,Clay,Millet,1758.4
32.35,51.32,6.2,130.0,Loamy,Millet,1900.2
34.78,77.03,4.65,44.8,Clay,Wheat,2053.3
30.07,63.25,5.01,62.9,Silty,Wheat,2065.5
37.38,30.31,7.56,68.3,Silty,Rice,2263.9
24.13,75.66,4.5,51.5,Sandy,Maize,2137.7
21.78,32.12,6.17,61.7,Clay,Sorghum,2102.0
19.11,74.74,6.59,310.1,Clay,Sorghum,1763.7
35.48,42.15,4.72,43.3,Loamy,Maize,1635.4
31.27,87.48,8.39,46.0,Clay,Rice,2234.1
27.72,52.08,5.4,9.6,Sandy,Maize,1850.0
29.4,49.62,5.72,7.8,Silty,Maize,1707.5
22.37,38.93,5.72,71.8,Silty,Sorghum,2002.6
40.23,48.34,5.42,103.9,Sandy,Rice,2614.2
28.65,82.6,4.51,91.1,Clay,Wheat,2259.8
28.55,89.78,7.42,24.3,Clay,Sorghum,1704.9
31.63,52.1,8.37,87.4,Sandy,Wheat,2272.2
30.41,56.92,5.4,45.4,Loamy,Rice,2163.5
29.12,73.32,7.15,37.0,Silty,Maize,2038.8
24.05,83.17,7.47,13.9,Sandy,Millet,1618.0
30.36,65.58,7.89,27.1,Sandy,Millet,1472.7
37.41,53.49,6.19,73.0,Clay,Rice,2366.4
34.73,54.76,5.71,63.5,Silty,Millet,1909.7
35.97,71.74,5.8,56.8,Clay,Wheat,2136.7
25.44,30.19,7.35,4.2,Sandy,Millet,1550.3
23.05,67.18,7.77,57.2,Loamy,Rice,2557.6
27.37,51.33,5.23,30.6,Silty,Rice,2049.1
28.28,77.65,5.98,63.9,Sandy,Wheat,2218.5
33.47,35.58,8.11,115.9,Sandy,Millet,1845.3
19.54,65.29,7.73,34.6,Loamy,Millet,1670.7
35.65,58.86,8.44,54.1,Sandy,Maize,1772.9
27.21,68.54,7.52,178.1,Sandy,Sorghum,1572.2
25.87,33.89,6.07,61.5,Silty,Rice,2510.5
22.94,64.8,6.86,49.1,Silty,Maize,1666.3
19.73,63.69,7.14,24.7,Silty,Rice,2433.7
32.12,63.64,4.81,89.1,Clay,Maize,2154.9
28.37,66.21,6.68,20.9,Loamy,Sorghum,1732.0
21.55,70.59,7.34,119.4,Silty,Maize,2222.1
21.52,78.3,5.17,80.4,Clay,Rice,2513.4
26.32,46.19,7.62,31.5,Clay,Millet,1490.5
36.35,79.5,6.84,25.4,Loamy,Rice,2116.7
26.7,59.9,8.31,26.0,Loamy,Wheat,1869.0
20.48,34.62,4.67,8.0,Sandy,Wheat,1745.2
26.77,33.51,5.56,70.6,Clay,Wheat,2226.4
26.64,50.05,6.91,5.0,Silty,Wheat,1996.0
14.52,77.09,5.69,46.7,Loamy,Sorghum,1674.5
27.73,72.46,7.36,44.4,Clay,Millet,1609.4
26.85,77.32,7.54,38.4,Silty,Millet,1483.7
31.48,61.04,4.91,70.2,Clay,Rice,2412.9
37.24,56.41,6.56,31.6,Loamy,Maize,1657.2
33.63,38.85,6.54,57.3,Sandy,Rice,2673.8
26.66,49.69,5.98,119.4,Clay,Rice,2385.7
22.47,56.04,8.23,76.3,Silty,Rice,2508.7
40.87,35.32,7.81,35.7,Loamy,Rice,2073.3
28.3,43.24,7.29,50.3,Sandy,Millet,1828.2
28.07,65.89,7.36,38.4,Silty,Maize,1741.2
27.88,74.14,6.35,43.9,Silty,Rice,2323.1
28.99,89.9,8.18,58.7,Silty,Millet,1686.7
27.28,85.99,7.28,13.2,Clay,Rice,2335.0
25.13,68.55,7.42,10.1,Loamy,Wheat,1910.5
25.27,55.27,7.95,22.8,Silty,Rice,2306.3
27.84,68.17,5.6,72.6,Clay,Rice,2733.8
25.28,77.14,7.73,79.9,Loamy,Sorghum,1813.9
24.44,37.1,5.28,88.4,Loamy,Wheat,2253.4
28.53,54.59,5.88,23.6,Clay,Maize,1627.3
26.73,80.39,5.84,53.9,Clay,Rice,2604.1
35.52,53.03,8.41,36.6,Silty,Maize,1423.5
14.75,64.31,7.93,45.4,Loamy,Wheat,1948.1
33.46,65.27,7.3,36.1,Sandy,Rice,2212.7
34.23,41.07,7.41,61.2,Clay,Sorghum,1979.3
17.63,51.73,6.75,28.3,Loamy,Millet,1496.9
26.29,50.07,8.29,110.5,Loamy,Sorghum,1982.2
26.14,31.57,6.49,111.2,Silty,Sorghum,1916.3
20.96,31.45,6.02,71.0,Sandy,Millet,1955.2
24.11,79.9,5.15,101.8,Silty,Millet,1765.6
22.45,46.38,7.64,12.7,Sandy,Millet,1488.6
36.76,61.08,7.44,114.9,Sandy,Rice,2464.8
32.68,47.92,6.04,66.2,Clay,Maize,2023.8
34.36,86.44,4.6,29.8,Loamy,Maize,1721.0
31.61,45.56,7.86,27.2,Loamy,Millet,1653.0
22.35,55.78,4.55,141.8,Loamy,Sorghum,1822.2
25.38,82.36,7.31,89.4,Sandy,Wheat,2417.2
30.45,80.52,8.38,44.4,Loamy,Millet,1649.8
21.89,41.17,6.25,12.5,Clay,Sorghum,1618.4
31.56,78.16,5.44,118.9,Sandy,Sorghum,1754.5
26.8,57.49,7.32,18.2,Sandy,Rice,2330.2
26.13,58.98,7.77,37.1,Sandy,Rice,2145.3
31.55,38.01,6.69,44.4,Sandy,Maize,1986.9
30.22,34.84,8.37,26.9,Clay,Maize,1703.5
26.2,73.68,4.71,42.8,Loamy,Wheat,1819.8
33.8,59.79,6.52,49.7,Clay,Wheat,1885.3
22.59,56.21,7.37,42.1,Loamy,Wheat,2109.0
31.08,73.77,7.95,63.4,Clay,Wheat,2142.9
30.97,75.93,5.22,145.3,Silty,Sorghum,1904.4
26.45,39.53,7.7,13.2,Silty,Sorghum,1695.6
29.63,66.61,6.71,56.4,Silty,Maize,2051.6
21.74,38.12,6.09,18.4,Silty,Rice,2295.4
32.62,75.08,5.03,11.8,Sandy,Rice,2198.3
27.08,69.42,7.96,96.6,Sandy,Millet,1868.3
25.39,87.4,5.13,60.0,Clay,Sorghum,1959.1
33.25,34.14,5.74,11.0,Clay,Wheat,1878.0
24.48,33.42,5.66,42.8,Silty,Wheat,1906.4
20.96,46.93,7.99,22.8,Loamy,Millet,1462.8
20.22,45.7,7.19,44.0,Silty,Rice,2152.2
31.03,44.82,7.69,81.9,Clay,Wheat,2225.8
21.6,84.38,5.5,76.1,Silty,Rice,2689.2
36.77,44.97,7.0,36.3,Clay,Millet,1361.6
17.59,46.32,6.79,99.7,Silty,Rice,2522.7
36.48,75.56,7.83,125.7,Loamy,Rice,2262.9
29.06,56.98,8.12,82.9,Silty,Rice,2572.5
27.52,76.6,4.55,31.4,Loamy,Wheat,1944.8
25.28,33.92,7.2,45.1,Loamy,Maize,1784.1
30.0,59.25,4.71,142.2,Clay,Sorghum,1808.2
27.81,32.02,6.7,38.5,Loamy,Rice,2309.2
33.52,33.76,5.65,76.3,Sandy,Rice,2343.5
28.57,84.39,5.73,26.5,Sandy,Rice,2214.3
28.75,38.35,5.91,100.2,Sandy,Maize,2087.2
26.18,61.95,6.99,23.9,Clay,Millet,1474.9
27.72,54.67,5.84,46.7,Sandy,Wheat,1746.7
29.54,50.84,7.43,74.4,Clay,Maize,2257.9
19.45,83.99,6.12,161.8,Clay,Rice,2338.8
21.26,31.31,4.77,59.2,Sandy,Maize,2113.6
31.72,69.83,7.64,40.5,Loamy,Maize,1684.6
28.85,87.8,5.64,38.1,Silty,Maize,1683.8
27.08,63.61,6.23,97.2,Clay,Millet,1943.8
28.09,86.21,7.24,70.1,Sandy,Sorghum,1911.6
29.74,33.14,5.83,80.8,Clay,Wheat,2213.2
25.3,55.13,4.73,135.6,Loamy,Millet,1761.9
24.11,45.61,6.0,52.4,Loamy,Millet,1768.0
28.98,73.85,8.28,66.6,Sandy,Sorghum,1933.7
23.11,88.88,7.07,37.7,Clay,Millet,1573.7
30.04,45.39,7.19,25.7,Silty,Maize,1784.3
19.49,69.25,7.03,30.3,Silty,Maize,1679.0
33.15,41.89,5.3,2.8,Clay,Rice,2359.1
30.36,63.92,6.17,73.8,Clay,Millet,1987.7
29.28,57.84,7.5,68.5,Clay,Rice,2696.4
32.91,88.32,4.91,72.7,Sandy,Wheat,2169.5
36.33,66.51,5.61,24.1,Loamy,Maize,1377.1
33.07,50.97,5.61,30.7,Silty,Wheat,2095.3
18.8,36.85,6.23,29.9,Sandy,Sorghum,1693.9
21.6,39.07,8.42,106.9,Clay,Maize,1925.1
24.88,43.52,4.77,57.6,Clay,Wheat,2241.7
28.13,45.06,6.57,51.9,Loamy,Sorghum,2116.7
30.59,81.04,5.22,86.1,Clay,Wheat,2197.7
24.37,63.67,8.38,29.9,Sandy,Sorghum,1727.9
28.93,61.4,4.95,65.4,Sandy,Sorghum,2008.3
24.22,36.89,6.11,175.7,Loamy,Maize,1792.4
24.94,81.61,7.45,118.5,Sandy,Rice,2532.6
20.97,73.37,7.32,64.7,Silty,Sorghum,2095.8
23.38,34.06,6.19,53.4,Sandy,Sorghum,1728.7
21.24,72.47,5.89,72.3,Sandy,Maize,1985.1
23.12,62.61,6.09,129.6,Sandy,Rice,2456.9
33.27,34.9,5.56,123.5,Silty,Millet,1752.3
23.25,57.5,5.32,144.3,Clay,Millet,1770.1
41.16,59.08,6.43,60.0,Sandy,Rice,2414.2
30.47,39.95,5.57,4.9,Loamy,Wheat,1844.8
28.92,86.74,5.65,167.6,Silty,Maize,1690.3
23.71,81.0,7.13,25.6,Loamy,Rice,2529.2
31.5,70.14,8.37,85.1,Sandy,Millet,1986.7
25.12,57.74,6.91,5.1,Loamy,Sorghum,1583.8
28.61,54.71,4.81,51.1,Sandy,Millet,1958.2
40.8,69.06,4.8,38.6,Silty,Sorghum,1410.1
27.52,62.73,8.31,144.5,Loamy,Maize,2012.9
33.75,33.74,5.69,65.3,Loamy,Sorghum,1893.7
24.48,60.75,4.87,50.7,Sandy,Rice,2434.0
27.83,78.38,6.9,70.6,Sandy,Sorghum,2098.4
36.85,57.55,6.99,1.4,Clay,Wheat,1862.6
24.87,33.12,7.09,29.4,Sandy,Rice,2252.3
37.06,77.18,5.57,33.4,Sandy,Maize,1419.5
31.54,42.08,4.56,78.8,Clay,Rice,2410.6
25.19,45.52,8.36,20.7,Sandy,Wheat,1735.9
31.16,39.88,5.5,58.1,Sandy,Maize,2001.2
32.86,49.81,7.2,47.0,Clay,Millet,1480.3
31.11,75.41,7.33,30.8,Silty,Wheat,1973.4
20.15,61.16,6.94,32.5,Silty,Maize,1937.0
24.36,42.29,5.75,46.7,Sandy,Sorghum,1719.9
26.76,82.67,5.58,7.1,Sandy,Rice,2196.8
27.63,82.77,6.89,86.9,Clay,Maize,2091.3
31.1,82.23,7.96,25.4,Clay,Rice,2388.0
28.89,44.33,8.29,40.6,Silty,Sorghum,1652.1
21.32,57.07,4.92,141.0,Loamy,Maize,1967.2
29.9,89.1,5.12,87.9,Sandy,Millet,1657.4
31.05,76.32,8.28,17.4,Loamy,Wheat,1939.4
30.8,31.63,7.45,1.0,Loamy,Maize,1882.9
33.4,33.91,8.03,72.8,Clay,Sorghum,1836.8
32.17,57.84,5.31,41.9,Sandy,Maize,1729.1
30.3,84.55,6.85,58.4,Sandy,Rice,2563.6
27.65,62.32,7.3,85.9,Clay,Maize,2081.6
19.7,59.87,7.22,95.5,Loamy,Millet,1651.2
30.15,36.33,6.13,35.6,Clay,Maize,1777.8
29.04,69.41,4.56,46.1,Silty,Wheat,1996.9
29.36,79.33,6.83,66.8,Sandy,Maize,2036.9
21.62,52.83,5.51,70.0,Silty,Rice,2505.3
22.59,76.54,6.3,57.9,Clay,Maize,2024.4
33.27,87.87,8.33,130.7,Sandy,Millet,1836.0
27.8,42.23,6.1,69.5,Silty,Sorghum,1978.3
31.41,61.4,7.86,85.0,Silty,Maize,1906.1
28.14,47.23,5.25,61.6,Loamy,Maize,2133.3
28.15,77.57,7.19,20.6,Sandy,Wheat,2092.9
32.69,64.66,8.41,29.3,Silty,Millet,1439.5
25.42,68.07,4.91,16.6,Silty,Sorghum,1649.8
28.48,77.87,4.53,102.9,Loamy,Rice,2553.7
25.69,53.76,6.23,11.0,Silty,Maize,1864.2
25.83,84.91,4.87,44.6,Silty,Sorghum,1430.6
26.45,61.98,7.49,37.2,Silty,Rice,2400.7
29.11,39.48,8.16,36.4,Loamy,Millet,1443.0
25.61,71.75,6.24,39.1,Silty,Millet,1564.2
34.28,77.6,5.53,147.3,Silty,Sorghum,2163.8
23.53,49.01,6.24,6.5,Sandy,Rice,2330.2
27.07,81.43,7.39,119.9,Sandy,Millet,1861.4
25.8,84.37,4.54,41.8,Loamy,Sorghum,1379.5
35.23,46.61,6.86,91.2,Clay,Millet,1889.0
28.98,89.01,6.95,53.2,Sandy,Millet,1765.5
33.16,38.44,7.05,18.4,Loamy,Millet,1499.7
20.57,42.12,5.47,127.7,Silty,Wheat,2166.9
29.34,41.05,7.36,114.7,Silty,Rice,2741.6
32.45,83.64,4.87,19.7,Loamy,Sorghum,1677.3
28.41,69.26,5.3,76.8,Silty,Sorghum,1884.2
33.33,39.13,8.01,30.5,Silty,Rice,2230.8
25.41,56.42,7.45,11.5,Clay,Rice,2240.0
35.05,66.92,4.55,25.5,Silty,Rice,2064.0
39.49,35.01,5.49,122.7,Sandy,Rice,2357.3
26.19,82.94,5.36,92.8,Silty,Maize,2096.9
25.77,78.22,5.58,39.4,Loamy,Sorghum,1696.7
35.27,60.31,5.49,123.1,Clay,Maize,1899.4
35.9,88.03,4.75,108.8,Silty,Millet,1613.8
25.39,55.07,6.34,25.5,Loamy,Millet,1674.2
25.9,89.05,7.43,143.4,Sandy,Sorghum,1990.8
26.59,70.08,6.93,36.9,Silty,Millet,1491.8
21.28,68.08,7.19,41.2,Clay,Rice,2259.7
23.41,39.96,4.82,6.7,Silty,Maize,1708.5
22.98,82.92,8.31,30.0,Loamy,Rice,2291.0
24.16,55.65,7.85,44.9,Clay,Millet,1481.6
27.83,39.73,7.72,62.9,Silty,Maize,1879.1
29.17,30.76,7.79,18.4,Sandy,Rice,2205.7
35.75,63.59,8.23,26.6,Clay,Sorghum,1461.3
23.01,61.64,6.68,145.5,Sandy,Rice,2618.6
32.92,73.16,5.3,104.0,Loamy,Millet,1892.0
26.93,83.42,6.97,117.2,Silty,Maize,2201.9
27.75,34.76,7.47,47.9,Sandy,Sorghum,1640.6
31.37,73.89,7.45,64.3,Loamy,Maize,2038.4
22.39,41.24,6.59,78.0,Silty,Sorghum,1896.0
29.91,81.49,4.77,144.1,Loamy,Maize,2069.9
28.83,79.14,5.98,11.2,Sandy,Millet,1644.9
30.46,62.45,8.18,32.6,Loamy,Sorghum,1568.5
29.45,72.61,6.84,60.0,Clay,Wheat,2275.9
40.28,48.86,6.65,53.4,Silty,Maize,2096.7
24.81,58.27,5.58,26.3,Loamy,Maize,1750.6
25.35,79.3,5.97,73.3,Sandy,Rice,2543.6
24.88,57.56,8.08,33.7,Silty,Sorghum,1480.9
25.22,51.47,7.17,50.5,Clay,Wheat,2367.9
24.81,59.65,7.65,71.0,Silty,Millet,1707.1
33.95,79.69,6.32,35.0,Clay,Rice,2186.6
35.1,50.11,7.02,87.5,Silty,Wheat,2115.3
25.15,40.43,5.49,98.8,Loamy,Sorghum,1841.4
23.84,72.72,7.32,27.2,Loamy,Wheat,1977.8
30.36,79.56,6.21,33.5,Sandy,Maize,1655.9
25.24,36.04,6.27,21.1,Clay,Maize,1895.9
31.16,44.39,7.1,49.6,Sandy,Rice,2412.8
29.01,38.52,8.25,62.9,Loamy,Sorghum,1705.3
20.42,50.88,4.76,37.9,Clay,Sorghum,1697.8
35.74,57.02,7.8,61.6,Sandy,Wheat,1968.9
36.98,74.93,5.67,32.8,Sandy,Rice,2135.7
24.94,69.07,6.28,33.7,Sandy,Sorghum,1693.2
26.06,67.26,4.59,65.3,Sandy,Maize,2002.9
29.43,51.14,5.7,35.5,Sandy,Wheat,1881.5
29.67,80.49,6.51,47.6,Clay,Millet,1721.2
31.29,58.28,4.72,66.9,Sandy,Maize,1876.0
38.05,88.75,6.46,60.9,Clay,Rice,2510.8
27.12,68.05,8.21,33.1,Sandy,Sorghum,1710.1
24.01,37.58,4.92,105.7,Loamy,Maize,2071.6
21.1,70.57,7.56,75.5,Loamy,Millet,2032.5
24.35,49.51,6.14,60.0,Sandy,Millet,1847.1
27.83,71.18,7.12,18.5,Silty,Rice,2395.7
36.97,34.18,5.54,54.4,Loamy,Maize,1839.4
25.41,40.49,5.14,29.5,Clay,Wheat,2023.3
29.12,81.34,5.14,71.7,Sandy,Maize,1999.2
27.92,43.63,4.78,0.9,Clay,Millet,1461.2
33.94,80.22,5.24,40.7,Silty,Rice,2330.6
40.63,46.76,7.16,31.9,Sandy,Rice,2100.8
25.35,68.57,8.03,87.7,Loamy,Wheat,2058.7
25.55,71.65,7.76,7.0,Clay,Rice,2148.3
33.22,60.76,7.24,51.8,Loamy,Rice,2661.9
31.41,48.32,4.94,74.9,Loamy,Rice,2639.2
37.23,42.76,5.66,161.9,Sandy,Rice,2161.1
30.92,31.99,5.74,33.6,Clay,Rice,2331.8
26.2,48.24,5.5,63.6,Silty,Millet,1664.2
30.95,69.19,6.56,7.6,Loamy,Maize,1755.7
33.54,86.3,6.64,49.8,Sandy,Sorghum,1671.1
32.1,82.27,5.93,110.9,Sandy,Rice,2488.5
30.54,75.96,5.92,162.9,Silty,Sorghum,1708.4
33.33,77.31,7.81,68.1,Sandy,Sorghum,1969.1
33.85,69.9,7.66,10.5,Loamy,Millet,1455.5
34.91,45.62,5.73,123.0,Sandy,Rice,2513.9
31.24,84.43,8.16,10.6,Clay,Sorghum,1595.5
27.16,70.24,8.31,16.8,Clay,Rice,2107.4
28.73,63.63,5.81,130.0,Loamy,Wheat,2188.6
34.03,36.66,5.92,47.0,Clay,Wheat,1885.6
23.92,56.82,6.52,30.5,Silty,Wheat,1983.5
29.84,57.62,8.26,82.2,Sandy,Sorghum,1903.2
26.03,81.87,8.01,56.6,Loamy,Wheat,2207.6
28.14,62.8,4.91,104.3,Silty,Millet,1756.8
34.39,52.82,6.07,58.6,Sandy,Millet,2027.3
28.96,88.61,6.71,59.6,Silty,Sorghum,1883.1
28.23,36.64,6.51,101.8,Loamy,Rice,2527.9
21.2,55.35,5.28,46.5,Loamy,Maize,1978.0
31.73,32.52,7.94,22.9,Silty,Rice,2096.2
31.23,74.39,7.21,85.6,Sandy,Rice,2464.6
38.82,85.08,7.85,39.5,Clay,Rice,2123.4
26.46,46.8,7.94,62.1,Clay,Rice,2292.3
29.1,81.5,7.49,5.7,Silty,Maize,1776.5
29.25,47.53,6.26,45.1,Loamy,Wheat,2214.6
35.89,84.65,6.94,32.3,Sandy,Rice,1995.5
27.52,75.24,5.14,5.5,Sandy,Millet,1301.8
29.4,78.29,7.19,46.2,Loamy,Sorghum,1550.1
31.04,31.08,5.22,47.4,Clay,Sorghum,1689.8
28.93,87.77,7.28,65.5,Sandy,Millet,2012.5
25.77,73.6,5.42,109.7,Silty,Rice,2448.7
28.97,48.29,4.97,98.0,Clay,Maize,2068.3
33.37,79.76,5.16,34.3,Silty,Wheat,2039.0
22.87,46.89,4.51,57.5,Clay,Sorghum,2078.7
28.66,82.37,7.37,72.4,Loamy,Wheat,2275.4
24.5,36.75,7.43,35.1,Silty,Maize,1569.9
33.98,72.22,6.56,11.7,Silty,Sorghum,1617.9
20.38,62.44,5.15,42.4,Loamy,Wheat,1857.3
25.21,35.79,4.83,112.8,Silty,Maize,1974.1
29.89,44.51,4.58,11.1,Clay,Wheat,1881.2
35.83,30.74,5.16,20.7,Sandy,Rice,2161.9
27.67,58.13,8.06,25.2,Sandy,Maize,1827.4
25.22,48.08,5.47,21.0,Loamy,Wheat,1882.8
37.41,65.9,5.92,82.5,Clay,Rice,2459.8
20.76,47.83,4.92,29.4,Silty,Rice,2235.8
17.01,48.0,5.39,84.0,Silty,Maize,2006.5
30.2,74.59,6.58,51.7,Sandy,Millet,1990.7
25.49,32.89,6.93,8.3,Silty,Sorghum,1707.2
22.89,84.17,5.48,35.8,Sandy,Maize,1905.8
31.54,81.14,4.73,100.0,Loamy,Rice,2356.2
29.22,70.07,6.06,56.2,Silty,Rice,2548.5
25.18,65.59,5.44,38.1,Clay,Maize,1687.3
21.6,83.54,5.38,113.7,Silty,Millet,1843.9
32.36,41.12,8.34,18.8,Sandy,Sorghum,1726.8
31.25,34.74,6.97,30.3,Loamy,Wheat,1997.6
27.5,44.37,6.73,93.6,Sandy,Maize,1957.8
37.23,77.67,6.16,81.3,Silty,Sorghum,1934.3
22.65,32.08,6.22,17.3,Sandy,Sorghum,1775.5
20.37,64.97,6.66,70.6,Sandy,Rice,2405.8
24.54,89.73,7.29,28.9,Loamy,Wheat,1999.6
27.77,81.34,7.31,5.1,Clay,Maize,1641.0
29.22,61.29,5.19,38.7,Silty,Rice,2133.5
26.79,33.82,6.5,169.8,Loamy,Rice,2309.7
29.76,79.88,6.15,101.1,Clay,Millet,1980.9
21.74,65.94,7.98,48.2,Sandy,Sorghum,1611.7
35.22,36.9,7.03,10.3,Clay,Maize,1521.4
27.59,35.63,6.63,5.3,Sandy,Maize,1888.0
33.59,84.58,4.96,51.9,Sandy,Maize,1856.6
29.71,70.15,6.92,67.3,Loamy,Rice,2633.0
30.28,79.76,4.97,83.2,Sandy,Millet,1718.6
30.85,82.74,5.85,76.6,Loamy,Wheat,2163.4
30.24,64.31,5.07,81.2,Clay,Rice,2550.4
31.21,61.05,7.27,61.5,Clay,Wheat,2352.1
34.65,55.83,5.33,112.1,Sandy,Millet,1933.7
28.98,49.02,6.07,32.3,Loamy,Sorghum,1691.8
31.55,56.08,8.08,51.3,Sandy,Maize,2030.6
27.55,76.43,5.32,8.3,Loamy,Wheat,1856.2
35.2,66.12,6.53,31.7,Loamy,Rice,2168.2
24.62,83.55,6.18,99.3,Loamy,Wheat,2343.9
37.0,56.6,4.57,79.4,Clay,Sorghum,1740.2
27.8,66.43,7.67,2.9,Loamy,Maize,1519.6
20.85,67.88,4.78,178.1,Clay,Wheat,2033.1
28.64,65.5,6.4,56.3,Loamy,Sorghum,2036.5
24.59,72.16,6.74,57.1,Clay,Rice,2532.0
32.2,44.25,7.01,30.0,Silty,Millet,1471.6
24.74,60.74,7.25,35.9,Clay,Rice,2447.6
25.77,36.25,5.51,55.9,Clay,Maize,2049.1
18.55,53.07,4.54,76.3,Sandy,Rice,2477.1
25.74,59.26,7.39,63.6,Loamy,Rice,2486.3
15.88,69.13,6.64,32.1,Silty,Rice,2217.8
20.08,87.03,7.84,22.6,Sandy,Rice,2330.3
31.8,66.04,7.79,21.2,Loamy,Maize,1713.8
31.93,74.62,7.87,104.6,Silty,Sorghum,1844.9
30.13,60.38,6.44,96.1,Silty,Wheat,2351.0
23.17,68.05,5.83,71.3,Silty,Millet,1718.6
27.76,34.26,7.67,104.1,Loamy,Wheat,2350.1
27.98,45.26,6.31,45.3,Silty,Wheat,2135.3
22.21,51.71,5.23,90.5,Silty,Millet,1753.3
35.52,58.35,7.92,74.0,Sandy,Maize,1787.1
32.39,32.74,8.03,92.2,Clay,Millet,1538.2
26.9,38.4,6.37,19.2,Loamy,Maize,1651.8
28.13,46.61,4.8,60.9,Clay,Wheat,2066.1
29.04,88.29,6.05,37.6,Sandy,Maize,1813.5
17.79,49.88,7.71,3.9,Clay,Sorghum,1567.4
26.76,58.92,8.11,116.1,Silty,Millet,1665.5
24.59,41.77,5.31,96.3,Silty,Sorghum,1871.9
22.99,66.65,4.77,64.8,Loamy,Wheat,2250.5
26.59,46.84,8.01,23.9,Loamy,Millet,1552.8
36.99,42.42,6.06,7.9,Loamy,Wheat,1660.0
31.2,60.99,6.67,3.8,Sandy,Sorghum,1687.2
25.14,30.33,8.37,31.5,Loamy,Wheat,1761.7
30.86,30.46,4.77,82.1,Sandy,Millet,1890.2
